39;18;24
18;37;46
62;37;7
70;77;86
25;60;16
78;40;53
71;53;75
17;88;23
14;9;69
34;49;39
48;9;92
43;64;66
30;22;17
27;98;33
60;73;17
79;46;26
53;48;91
33;37;5
32;60;80
40;87;30
93;49;32
85;27;6
4;66;21
54;5;79
60;49;72
21;11;95
93;58;38
65;61;68
97;3;53
11;91;62
40;95;12
48;4;68
37;11;21
100;15;70
56;24;39
18;79;99
40;6;5
65;11;98
49;46;51
44;32;93
63;95;1
89;18;88
3;34;50
96;57;71
54;29;13
93;56;77
90;55;73
89;10;90
96;14;14
76;29;95
48;55;31
81;18;76
20;54;44
92;68;81
69;19;47
75;79;38
44;60;93
76;80;78
62;76;83
14;89;35
72;53;63
65;65;26
53;23;19
7;45;87
36;64;45
6;60;1
59;42;21
94;21;94
74;81;75
59;69;22
4;88;41
12;17;90
73;35;96
49;27;78
86;46;41
46;49;31
42;12;62
7;89;68
10;30;33
12;99;58
41;19;3
53;89;82
23;70;82
87;34;98
77;72;52
24;25;87
94;54;94
88;94;66
97;72;65
100;1;94
58;86;75
89;5;27
84;80;56
43;34;25
96;24;54
7;70;54
68;8;24
61;81;86
82;78;64
9;68;81
33;56;31
87;16;28
75;98;35
15;59;22
40;41;91
11;65;65
77;62;80
100;33;18
74;57;50
97;49;90
60;90;31
13;25;14
68;95;39
37;39;60
66;30;78
27;81;81
49;39;44
22;37;64
2;70;60
67;27;10
24;21;49
29;90;27
66;38;20
39;56;79
11;28;71
16;66;11
40;38;93
3;4;5
7;61;4
82;22;31
6;91;91
52;60;64
24;58;20
96;54;13
23;14;81
96;67;49
2;68;77
50;65;35
73;98;39
91;34;77
99;13;55
81;87;2
32;61;37
89;100;100
11;95;62
36;99;59
90;36;23
77;89;46
7;68;98
7;45;99
52;6;86
100;74;57
90;27;1
42;17;75
66;42;91
6;27;50
9;92;73
50;85;40
81;24;35
19;61;32
22;66;60
55;75;92
8;74;55
63;53;54
94;66;9
69;9;51
57;6;30
45;99;76
96;15;18
77;4;7
73;77;98
91;26;48
26;84;61
51;83;21
75;36;90
70;10;98
80;20;72
4;88;67
2;72;5
36;85;58
49;36;32
82;14;96
56;19;84
73;16;23
20;95;9
3;52;99
99;75;81
48;53;77
17;98;93
21;21;73
68;62;14
62;53;53
65;96;41
79;52;86
22;2;81
67;82;59
12;97;83
35;35;34
91;12;45
20;69;29
9;38;10
55;34;52
16;63;49
86;54;96
80;78;22
43;67;14
66;82;54
10;48;22
34;65;69
64;54;41
87;59;92
50;63;40
90;42;77
13;23;94
63;35;1
25;68;11
100;97;80
72;50;60
92;41;88
31;46;31
30;27;28
90;100;35
82;57;54
91;67;2
39;30;6
77;100;11
82;62;30
18;23;16
79;32;16
12;81;2
22;32;42
99;65;61
60;79;77
41;36;73
59;43;63
26;4;18
54;78;83
67;16;88
95;31;82
37;52;66
57;26;83
81;89;24
14;1;13
89;11;66
65;12;22
100;10;32
20;52;95
8;12;25
36;1;88
53;25;94
48;70;87
69;25;70
86;79;92
85;9;22
100;2;27
13;59;45
97;68;24
45;40;69
36;33;27
63;46;48
86;43;67
79;60;43
86;45;67
93;22;41
4;25;16
3;83;94
4;74;2
25;37;45
5;3;86
37;32;76
6;97;79
27;21;20
59;90;59
93;2;7
31;38;9
44;36;11
3;13;94
3;3;93
82;1;61
27;84;56
27;91;70
24;44;34
59;97;19
43;69;97
53;38;19
24;36;32
60;45;29
3;57;8
88;36;13
99;28;4
78;61;33
47;61;60
99;69;75
83;93;70
75;71;18
27;36;69
41;35;68
22;85;55
68;44;16
22;59;56
86;98;71
20;1;70
85;80;33
22;26;97
8;58;15
78;23;2
68;83;43
77;30;66
90;75;62
69;33;94
23;23;12
54;27;70
70;33;3
70;4;44
88;16;2
11;9;25
41;59;89
16;52;90
18;28;67
90;9;84
96;59;17
9;22;100
69;53;24
18;57;45
23;30;73
35;28;72
73;99;58
73;74;55
58;44;10
50;25;17
44;5;42
93;52;76
98;10;10
77;29;98
49;85;46
65;39;30
91;25;75
20;73;58
65;30;53
51;93;1
26;54;28
53;24;27
61;78;40
5;82;40
22;62;94
69;87;29
25;55;92
16;33;94
55;93;78
22;14;30
74;32;87
72;73;9
86;39;72
19;47;61
12;68;66
37;17;7
26;45;74
82;2;10
62;9;83
21;8;18
69;46;98
59;19;77
44;30;96
7;6;63
15;8;56
87;25;39
44;51;35
23;64;19
89;67;74
45;87;44
66;18;71
89;37;30
32;37;39
38;21;20
47;56;64
35;100;57
49;55;93
19;92;6
60;80;20
56;83;52
92;40;21
100;14;68
37;71;27
94;65;52
80;98;5
83;77;14
61;79;13
34;10;27
64;35;10
92;19;92
44;17;53
13;94;63
65;35;6
74;83;15
83;77;60
75;83;93
4;58;95
25;89;40
51;8;44
19;93;84
93;57;97
13;34;2
80;75;81
20;58;5
84;7;26
71;44;30
65;17;43
84;70;10
86;68;12
88;14;8
31;17;79
45;35;18
60;29;59
6;47;82
83;77;65
21;21;98
45;95;31
45;85;83
77;53;72
17;50;57
35;8;92
72;66;82
16;92;71
38;51;20
8;50;83
73;35;52
10;92;32
72;89;12
50;81;18
47;7;48
80;48;10
7;58;3
24;44;68
89;90;43
60;39;2
73;11;13
31;48;60
6;56;49
73;34;74
92;45;38
35;87;95
63;95;22
68;56;79
14;78;55
40;14;47
23;89;93
30;69;81
38;73;16
42;97;84
43;16;95
93;27;11
22;67;58
30;94;77
33;52;57
25;65;21
93;41;76
5;54;30
85;35;97
3;84;92
37;67;59
75;50;24
13;88;55
62;56;82
98;82;78
31;27;24
6;83;71
9;23;78
44;21;27
20;96;9
12;89;79
10;93;85
15;43;34
14;19;51
97;59;63
28;40;86
82;14;73
37;89;10
8;54;77
90;68;26
86;85;12
18;68;50
9;41;84
75;64;24
67;23;80
34;29;17
98;54;83
71;63;39
42;93;41
35;55;80
44;45;41
10;79;6
67;8;15
66;76;68
92;98;100
62;33;86
14;24;28
17;59;10
47;74;54
45;47;48
65;37;15
14;53;32
93;75;30
12;59;74
16;15;5
95;91;71
75;27;88
52;3;99
9;1;48
83;90;29
43;19;43
27;73;94
77;57;37
88;49;88
51;63;61
35;89;12
59;83;99
90;21;51
85;48;15
17;41;89
49;55;39
53;78;3
93;74;79
66;17;99
15;4;56
53;51;72
85;25;97
70;86;64
46;13;64
1;43;76
34;46;69
13;73;7
32;83;92
36;1;1
98;8;57
33;43;40
50;85;53
6;76;58
87;21;28
51;52;71
82;13;35
39;66;20
7;56;57
80;89;3
33;39;84
32;38;41
26;7;46
24;92;94
10;48;95
30;66;50
77;19;33
74;1;7
80;1;89
1;18;31
25;8;57
83;92;8
3;67;99
59;10;5
89;10;57
46;46;16
37;51;100
2;30;24
57;58;60
28;19;56
7;77;16
62;92;96
59;96;11
76;19;85
17;35;87
14;28;60
76;30;83
75;73;17
74;61;72
26;91;1
82;60;39
86;49;94
93;14;72
23;69;7
62;83;91
64;47;56
77;25;100
82;2;73
85;81;75
14;8;65
23;97;70
13;27;69
66;25;39
40;57;25
86;85;36
60;52;18
41;22;83
77;77;1
54;95;68
61;12;51
97;80;11
67;36;18
8;88;15
74;78;93
47;80;26
17;24;44
90;84;56
46;6;46
60;70;27
63;38;60
87;74;37
37;61;15
50;35;48
20;47;16
65;78;27
63;31;64
94;94;18
9;22;86
53;80;89
64;89;58
15;85;72
8;23;88
6;30;65
39;96;93
5;82;35
61;28;2
86;26;26
33;38;96
97;96;31
15;71;35
61;79;77
47;80;54
25;77;75
68;51;4
82;69;36
97;83;3
66;53;60
3;90;97
31;46;53
52;80;91
25;79;72
86;61;81
10;2;94
24;71;99
52;90;97
72;16;3
82;25;23
98;21;53
84;68;4
49;2;48
45;28;22
55;49;95
19;13;65
8;36;96
47;46;67
12;89;79
26;20;70
61;81;13
8;6;10
65;71;7
59;1;60
51;44;27
16;23;37
63;61;67
27;90;46
66;70;16
83;78;87
29;66;95
78;82;25
27;88;69
33;40;41
80;9;42
48;15;70
49;45;56
15;4;20
25;31;6
20;40;31
6;78;10
88;22;55
97;7;72
33;77;24
69;76;25
34;25;73
42;85;98
55;11;30
12;9;11
76;41;43
67;14;65
15;80;17
64;20;1
29;22;98
7;92;20
13;12;71
52;76;58
63;77;63
96;10;70
75;72;68
4;38;50
54;20;40
65;57;55
11;96;24
1;71;76
98;36;63
57;31;76
53;6;23
61;93;92
100;33;91
21;46;34
96;64;36
23;4;52
44;19;39
82;27;69
54;16;78
6;72;62
100;53;56
64;2;11
36;15;82
46;51;7
95;32;64
98;30;57
75;72;2
57;93;54
9;84;88
6;40;94
52;27;60
65;38;90
12;82;95
48;94;5
52;74;91
67;77;13
28;96;66
9;47;57
78;72;13
7;28;5
29;88;30
43;81;4
38;59;16
86;95;50
24;84;28
52;99;25
83;75;39
51;24;88
79;66;87
16;33;6
31;100;95
82;54;48
41;89;92
97;3;82
42;3;14
4;91;67
44;41;67
86;10;77
42;94;56
19;47;6
2;28;96
97;86;82
56;41;87
23;42;16
2;74;65
6;30;87
74;97;31
40;82;93
87;12;77
51;55;83
47;65;49
93;62;1
34;36;69
58;44;72
97;77;88
23;15;4
11;43;85
73;51;18
2;53;84
79;61;8
70;63;85
66;77;57
71;12;33
32;92;83
73;49;99
89;28;82
15;14;33
32;92;83
12;9;24
65;87;52
81;25;86
34;77;94
21;62;77
65;13;56
30;13;74
22;82;35
82;90;43
39;92;3
73;46;58
65;87;35
84;1;60
14;2;75
83;25;28
53;87;56
20;10;24
76;33;24
69;4;43
6;75;34
14;30;27
77;84;72
45;20;92
81;52;36
52;99;84
85;18;88
64;71;98
33;36;82
54;20;73
95;45;98
13;72;50
96;66;2
76;32;84
93;58;96
40;29;2
80;92;90
2;16;4
30;61;66
70;33;68
61;10;19
29;2;61
90;8;7
4;34;14
43;84;41
30;68;95
27;31;98
42;92;60
59;89;73
62;47;10
63;26;88
82;88;23
6;20;63
84;95;64
37;47;18
18;81;67
73;30;17
49;16;63
59;1;75
87;77;47
55;36;33
44;42;82
85;90;92
98;36;21
35;35;13
89;16;43
32;17;1
52;37;67
57;80;68
29;36;61
63;68;67
23;66;86
93;56;54
48;26;6
62;82;38
9;73;62
63;60;88
44;25;78
25;47;73
85;82;71
52;91;66
7;86;52
80;71;86
63;8;54
37;85;34
96;22;15
42;92;93
68;73;59
74;59;64
62;99;57
41;1;68
92;65;12
8;74;43
85;57;94
77;23;27
12;41;99
98;4;33
37;46;74
81;70;16
21;74;33
76;17;60
31;55;57
11;69;64
75;16;18
6;95;79
66;4;95
80;86;27
38;38;76
49;51;5
91;83;48
7;19;92
32;92;67
67;24;78
59;83;8
67;44;42
13;49;48
40;71;81
22;66;84
79;70;96
50;69;28
25;92;65
39;18;83
74;51;37
80;8;14
35;4;63
11;49;90
88;73;72
96;53;66
15;26;28
98;3;84
50;48;22
77;46;93
94;48;52
86;33;83
48;66;95
89;19;29
69;100;48
61;50;80
49;38;64
31;10;96
31;68;39
5;54;100
53;7;15
44;88;56
46;71;40
98;34;45
49;85;12
88;50;99
44;21;66
79;77;72
77;73;30
74;20;86
95;43;30
15;100;3
80;57;83
16;38;16
4;4;52
11;8;70
80;93;16
21;14;37
25;89;62
69;71;79
50;97;63
21;90;74
97;72;93
51;52;93
7;76;81
95;30;64
91;97;46
52;86;7
39;44;28
75;7;47
66;50;70
11;57;42
2;15;12
12;99;28
82;71;85
70;51;99
65;77;52
16;97;19
94;6;62
4;42;63
100;96;92
40;92;24
69;82;58
11;96;85
47;68;9
76;72;69
76;2;98
50;79;24
84;58;83
72;40;62
31;43;51
44;53;8
30;69;47
85;62;96
67;32;56
44;88;47
64;81;5
3;68;51
100;90;91
81;45;29
72;26;70
64;9;53
26;59;78
51;35;83
45;16;61
78;68;59
72;52;78
23;98;59
29;63;74
82;99;12
97;55;56
24;62;46
17;44;45
9;50;14
2;15;29
90;90;10
48;4;37
31;30;4
50;8;68
88;63;77
49;82;83
34;8;15
86;6;38
98;70;21
75;15;4
13;15;36
78;60;31
86;65;41
80;98;8
53;70;48
44;56;61
69;72;93
24;86;70
8;59;54
25;26;63
98;86;13
10;7;15
41;16;1
19;22;24
58;79;37
99;68;98
33;35;17
75;79;96
15;28;3
91;35;49
46;84;62
17;67;91
28;7;7
83;86;81
17;87;8
62;96;69
87;93;70
47;80;47
41;48;4
57;59;36
89;77;88
50;24;93
24;69;19
74;18;16
90;57;68
27;94;4
80;47;89
38;86;69
57;100;5
91;19;69
15;74;70
28;82;80
68;66;29
7;39;7
37;74;65
45;55;21
9;58;13
91;52;11
97;48;56
56;98;15
39;27;53
97;31;3
60;48;63
77;97;64
58;42;20
60;51;96
69;78;83
42;82;13
48;40;80
43;55;22
93;12;13
43;10;72
52;8;85
69;29;71
44;87;73
97;13;38
24;49;74
13;58;6
47;31;13
100;77;5
4;88;64
81;74;25
77;35;55
62;22;80
52;93;93
85;7;29
78;9;40
1;49;48
69;3;84
51;96;50
23;28;2
49;5;82
44;72;52
18;45;80
19;29;57
34;11;50
85;34;40
44;92;85
22;58;43
74;39;79
42;10;75
65;29;31
6;49;38
36;42;48
74;58;84
88;36;95
48;74;100
85;12;46
96;69;17
14;28;51
34;46;25
48;35;100
48;33;71
37;24;31
63;52;30
91;23;75
29;71;71
50;95;47
7;59;82
21;73;50
43;3;31
44;71;12
34;17;14
53;83;99
69;30;75
88;79;70
17;34;24
41;1;41
96;28;38
100;25;100
43;89;50
70;66;92
38;33;35
14;41;20
22;90;59
34;42;56
51;65;80
75;29;33
87;44;42
55;23;64
35;3;64
15;6;4
50;1;99
8;66;9
72;48;68
63;93;84
49;56;12
23;98;68
49;46;48
95;48;78
66;2;81
73;76;8
16;52;15
97;42;8
53;42;88
50;14;37
58;79;7
13;9;85
32;15;5
21;35;81
39;97;88
94;8;71
2;64;1
58;34;12
90;3;68
39;95;89
38;80;54
11;60;75
52;24;38
14;19;32
85;51;93
52;84;49
59;31;23
93;56;8
31;56;17
23;23;100
99;91;66
1;64;93
59;6;38
70;98;15
94;29;82
86;27;61
89;92;64
88;68;59
92;96;51
5;81;92
26;12;94
65;89;48
37;10;27
74;75;93
39;96;10
25;63;56
8;7;80
73;50;36
21;100;77
33;39;76
6;12;31
54;33;64
93;49;38
60;83;98
5;47;85
92;54;53
86;95;45
99;81;73
15;1;33
84;13;86
24;4;29
54;71;76
78;14;2
20;49;89
31;18;70
7;44;28
92;23;66
39;47;34
3;68;65
2;56;69
46;98;52
67;40;46
25;99;99
49;96;82
10;36;49
86;53;21
27;77;35
68;62;53
79;69;33
61;30;38
17;44;92
87;79;43
10;95;18
91;63;65
65;99;29
79;42;51
64;84;71
89;93;19
46;40;48
15;98;16
90;27;29
96;48;37
36;37;92
46;64;60
31;7;35
13;2;72
42;15;64
97;8;59
54;53;78
18;75;44
14;53;47
94;60;38
54;9;34
42;70;2
45;52;10
4;59;63
47;90;34
89;31;41
31;21;77
96;21;56
39;31;66
8;28;67
60;83;65
14;86;53
55;14;43
40;51;95
74;36;98
90;17;2
13;23;16
48;19;63
49;23;70
87;98;8
65;1;71
83;57;10
65;96;15
67;14;76
41;65;65
6;88;33
31;58;31
7;76;56
28;81;12
27;29;90
68;77;30
56;74;62
67;39;8
81;67;67
36;3;59
83;1;97
28;98;54
63;32;91
14;45;83
79;5;94
29;13;100
58;58;26
92;8;76
39;3;5
94;75;18
44;33;6
24;92;38
76;38;68
52;18;69
8;60;61
17;15;20
78;82;50
18;88;12
68;92;40
79;74;71
20;26;4
56;37;4
83;39;64
59;100;41
28;91;54
92;88;40
30;69;51
41;15;85
59;51;85
4;85;67
80;28;2
23;19;96
75;86;1
46;24;3
26;91;44
35;43;77
57;60;93
54;66;42
48;64;77
6;2;30
1;42;73
62;12;14
91;5;52
16;45;67
70;10;7
86;20;58
31;69;51
4;4;93
70;69;50
30;11;75
8;6;78
67;84;82
33;12;29
19;15;25
87;46;58
47;89;2
3;57;53
88;54;18
43;26;95
20;9;91
62;54;70
27;32;12
71;71;84
3;36;94
98;78;51
37;67;69
97;84;12
98;53;49
53;70;44
50;20;55
44;20;47
79;23;27
17;70;51
32;6;98
8;44;68
82;37;66
13;18;63
59;88;92
27;26;88
5;30;13
44;69;60
73;35;5
65;43;42
97;83;87
99;46;100
61;47;6
87;33;93
5;81;47
51;6;82
45;74;79
92;57;50
9;12;82
82;77;87
55;98;34
98;53;89
18;23;44
83;17;69
2;67;43
4;39;82
90;28;8
5;78;61
22;89;43
91;35;13
45;89;25
97;82;9
66;69;50
57;27;81
47;36;70
44;33;41
95;53;100
5;6;21
76;26;3
50;5;54
17;28;73
10;77;94
56;67;85
81;2;55
62;20;16
90;55;37
59;29;23
25;81;61
39;55;99
13;63;47
19;13;93
51;97;9
39;68;61
72;46;8
22;9;90
15;100;55
70;38;1
14;88;33
63;39;5
4;52;53
42;5;21
65;60;20
29;15;76
7;63;90
47;38;97
45;59;98
87;68;58
51;83;50
34;67;70
87;41;18
76;44;37
75;88;54
70;35;10
44;31;74
93;55;92
76;78;13
50;57;13
94;17;56
21;88;100
75;39;1
25;5;97
93;62;56
83;46;28
50;83;71
92;76;35
61;100;53
82;3;100
31;68;7
87;15;56
15;83;40
1;99;81
69;59;95
21;26;35
49;50;23
18;6;10
72;21;31
43;80;13
61;58;78
90;94;14
93;17;17
20;16;36
91;3;34
74;73;38
12;96;2
71;86;59
76;81;69
56;71;59
46;96;89
83;43;54
32;77;1
15;63;86
95;73;27
12;100;32
62;76;56
68;37;32
70;96;80
21;78;22
54;20;49
25;37;98
19;75;1
35;43;27
36;12;37
59;32;46
52;1;50
28;40;13
2;19;74
51;51;6
74;14;13
49;26;72
66;46;3
90;96;85
9;43;79
43;54;9
52;96;91
10;32;58
17;78;54
82;98;14
95;35;61
69;2;10
23;24;82
73;52;81
45;55;27
35;87;44
1;45;30
45;6;46
15;65;63
37;2;21
90;3;75
49;61;16
89;12;13
80;78;19
71;28;90
83;30;89
28;67;80
89;56;17
27;90;4
21;27;75
40;23;25
6;80;66
70;70;4
28;73;96
90;91;6
51;19;7
73;16;73
14;71;63
88;63;77
62;48;15
48;85;62
57;24;41
83;95;34
81;83;48
32;23;26
18;36;22
21;4;26
9;95;75
65;4;12
87;50;80
25;55;25
24;76;39
31;92;28
57;67;79
33;77;38
23;98;37
84;1;62
83;38;55
70;65;61
22;100;13
73;19;67
85;23;91
94;25;43
89;11;48
65;6;78
83;62;77
15;78;82
96;41;3
81;95;62
22;25;57
25;8;44
91;73;49
18;84;53
5;96;20
1;21;3
36;67;87
68;86;96
98;17;60
29;26;91
75;99;31
52;58;78
67;35;61
94;6;73
56;64;67
62;4;75
62;62;85
21;42;17
72;73;37
60;93;68
75;4;74
15;15;36
70;94;43
12;86;67
13;5;89
10;12;49
92;91;1
22;63;62
32;93;75
32;76;29
18;5;22
43;38;25
45;91;38
43;34;58
69;83;28
48;18;63
58;27;19
58;2;50
40;79;29
12;29;62
92;88;25
81;25;25
65;3;99
88;68;37
25;74;96
49;23;25
42;44;62
4;77;90
99;37;3
83;62;29
62;30;76
44;43;4
2;87;71
33;3;66
20;67;86
47;35;47
89;5;24
82;4;25
93;14;16
62;91;69
60;56;2
48;16;28
87;43;64
28;97;37
11;97;73
97;92;46
56;70;90
40;30;28
61;8;30
57;96;53
49;36;64
27;76;17
85;87;10
6;88;80
59;90;21
40;76;16
11;73;71
64;82;95
98;68;30
85;95;90
46;3;22
28;89;35
90;18;22
51;86;33
54;37;95
16;20;78
96;93;11
30;84;82
21;26;96
23;95;94
15;46;68
69;10;67
54;61;14
91;17;12
22;34;9
5;100;60
95;67;88
22;5;14
23;47;30
47;1;14
87;62;52
1;8;55
53;45;32
38;87;41
88;11;83
41;51;74
97;56;43
75;43;43
46;50;88
41;67;49
60;27;59
86;42;86
28;39;83
75;80;57
97;18;91
56;1;93
100;9;81
55;69;6
9;96;57
29;23;47
36;20;46
60;7;42
42;42;22
94;22;50
21;20;61
92;44;79
25;72;34
19;85;29
100;93;78
85;67;69
88;62;85
12;21;1
61;92;86
8;56;31
82;61;93
49;76;41
96;49;99
20;13;92
51;21;21
9;52;58
89;14;95
97;73;6
25;55;8
35;83;87
40;13;2
32;44;29
77;71;60
100;87;40
92;94;13
53;23;60
41;33;67
18;74;50
28;62;100
3;56;58
54;78;62
6;97;46
32;8;30
16;77;96
86;44;78
26;70;87
75;60;50
83;83;32
52;5;49
97;96;48
54;8;78
98;36;1
10;5;65
22;38;7
21;26;29
81;95;8
16;17;77
85;42;41
89;3;57
3;49;87
18;59;78
5;82;63
24;75;86
1;97;33
73;56;22
84;17;23
72;84;11
75;15;38
76;48;41
92;82;33
68;65;74
100;46;38
33;50;40
62;49;90
21;26;56
38;52;70
80;100;48
37;58;48
25;31;58
54;7;83
61;88;67
89;73;28
58;11;49
53;98;58
51;91;71
48;31;48
68;18;59
25;100;67
16;59;53
64;59;47
68;87;63
67;15;24
96;22;4
43;10;59
27;94;93
49;46;49
13;76;99
71;9;8
2;27;53
20;41;93
32;31;99
19;19;32
34;65;50
27;14;77
69;71;27
14;99;65
64;44;36
51;21;60
18;29;17
96;18;49
36;28;7
55;3;78
71;55;17
79;57;83
59;29;23
1;10;57
48;100;16
70;71;85
13;51;4
66;44;70
29;44;100
24;56;42
14;25;39
20;73;37
18;69;86
9;86;63
73;59;5
45;56;52
88;36;3
44;91;79
46;78;25
76;24;100
23;14;99
25;75;68
62;88;35
57;100;3
65;90;70
45;67;57
38;7;95
3;46;66
6;37;24
33;62;18
1;98;24
68;100;10
26;25;24
96;29;95
87;74;37
28;32;74
91;39;98
37;28;37
97;81;21
67;99;59
92;73;36
94;51;38
73;70;80
59;60;47
95;19;61
8;99;53
37;92;16
88;69;1
78;37;39
73;43;86
91;78;97
47;50;89
51;19;13
35;39;98
78;97;19
68;52;43
42;37;78
43;96;7
92;39;63
75;38;60
69;64;19
46;44;95
18;46;75
2;62;75
8;27;27
3;63;4
56;9;46
82;10;90
60;38;65
41;18;59
94;34;94
21;2;11
86;43;4
39;80;91
37;26;40
23;81;19
84;31;76
20;19;5
5;16;8
71;95;53
76;69;23
37;19;26
87;97;77
47;29;20
55;95;9
8;16;13
41;9;31
80;74;72
82;38;47
90;62;99
18;75;68
36;3;56
15;61;10
1;43;85
99;100;39
82;2;50
60;15;4
15;71;22
72;24;13
85;4;39
26;50;17
6;82;90
43;75;30
14;33;49
99;90;79
60;68;72
73;30;12
17;67;90
99;99;8
51;83;98
31;77;81
99;40;85
18;37;34
67;26;28
72;89;52
54;19;34
49;25;20
20;50;3
48;57;86
83;85;6
30;48;8
40;81;1
93;62;43
98;32;9
29;79;80
98;68;27
27;80;56
1;50;30
84;92;39
12;50;6
86;15;78
12;27;100
16;17;29
98;45;96
16;52;36
71;29;86
7;77;3
27;77;22
18;48;81
47;89;72
81;86;86
7;64;39
97;64;100
64;42;51
66;93;89
8;29;65
63;92;34
40;86;4
89;6;46
51;41;75
82;28;32
51;34;59
65;47;95
84;79;4
69;88;81
75;94;4
43;40;13
92;51;37
26;25;25
74;23;59
85;72;52
48;93;43
94;22;98
12;100;91
37;84;56
90;52;79
78;98;25
10;7;13
63;54;48
59;99;79
13;43;58
87;71;21
32;95;77
1;69;85
10;67;23
2;4;56
52;22;30
2;76;33
97;82;1
66;42;49
45;17;32
94;48;43
3;47;41
33;38;84
31;64;47
92;48;93
78;19;15
37;81;4
7;49;11
92;23;25
38;98;94
38;74;46
97;32;100
14;91;81
99;75;26
50;73;2
43;28;79
24;23;48
52;35;23
14;38;92
40;88;96
3;34;69
80;16;83
52;43;88
13;20;36
92;51;22
3;45;72
5;50;43
29;34;50
6;26;64
41;13;34
96;63;26
53;83;66
80;34;84
73;59;86
4;25;77
81;81;83
51;5;11
86;62;60
46;25;65
65;82;40
19;59;5
82;89;83
3;93;85
10;8;31
43;4;56
10;18;96
43;79;56
47;88;36
85;47;89
75;6;99
98;31;99
80;85;19
47;45;42
47;35;16
74;42;69
74;61;22
40;86;73
100;77;18
64;66;10
35;51;22
13;61;24
78;82;34
17;19;78
68;21;62
64;24;13
23;52;39
72;26;47
14;76;44
81;72;74
30;5;8
50;4;41
92;35;71
53;15;95
73;79;45
86;39;7
86;54;38
29;78;31
56;51;69
27;17;3
75;51;16
66;12;68
80;31;81
84;97;36
85;23;85
67;86;11
79;22;47
80;99;92
13;14;46
60;18;88
22;9;38
93;87;47
65;29;87
87;50;12
99;1;99
44;62;82
95;37;48
90;64;71
50;41;26
9;38;18
3;49;14
12;83;34
50;1;77
86;17;15
79;88;96
91;47;17
95;86;75
74;52;42
53;60;26
19;93;94
21;82;15
35;54;85
2;3;61
26;28;51
63;36;48
44;26;66
39;75;77
72;81;70
68;55;27
62;12;38
8;83;94
19;73;91
27;80;15
65;38;86
80;92;67
74;23;70
93;88;67
18;83;62
80;71;54
17;16;84
76;55;29
4;1;42
100;33;59
95;67;92
62;54;28
21;87;5
34;35;27
38;45;99
47;42;2
32;91;77
59;13;42
76;98;20
5;3;74
34;100;35
62;78;12
74;86;94
69;100;65
84;8;7
63;85;95
62;80;42
90;51;51
80;84;19
42;29;52
47;48;64
95;29;39
22;16;81
41;65;1
6;4;56
74;85;31
62;37;59
55;20;72
48;30;62
80;10;18
91;80;94
87;9;11
43;98;69
13;77;86
69;58;27
99;56;53
48;3;67
91;87;2
30;48;25
52;20;60
6;77;77
94;59;48
84;54;37
41;37;61
57;71;4
80;12;98
21;49;75
61;65;55
100;91;11
28;41;44
33;45;49
31;68;53
98;69;94
38;77;92
94;39;80
10;31;6
24;68;10
72;70;17
7;64;15
48;63;38
99;44;19
64;23;61
98;60;13
86;54;99
74;61;89
86;38;10
34;73;60
21;26;9
82;72;70
28;98;6
16;30;51
5;24;19
27;45;58
49;33;87
79;58;29
50;4;46
29;37;23
59;73;86
37;35;43
31;52;23
56;33;56
95;84;85
8;56;62
32;50;57
65;16;20
77;58;62
48;31;1
3;98;85
99;41;8
18;36;14
30;36;100
34;33;78
98;16;68
94;99;53
64;100;19
79;23;61
18;76;3
5;25;19
28;98;71
8;19;98
15;45;74
5;27;85
76;51;36
57;59;81
14;89;29
90;4;64
50;20;15
37;66;93
26;7;37
45;38;76
37;83;34
16;74;58
45;19;94
99;21;67
40;2;39
77;9;7
81;55;57
99;31;72
21;95;75
82;62;30
71;93;65
97;18;66
13;37;97
21;10;29
63;90;29
40;69;8
70;11;67
36;15;75
50;4;99
96;15;64
34;78;6
49;94;25
23;65;50
67;43;47
96;40;25
46;75;81
19;35;93
33;26;69
81;49;55
26;95;83
88;92;92
14;60;2
5;70;50
98;81;11
66;19;23
84;4;19
89;96;55
100;60;67
13;97;28
75;2;51
58;95;22
100;23;63
60;49;52
10;22;74
43;27;66
4;66;42
61;97;55
42;45;37
75;80;20
71;81;85
69;92;68
21;45;82
12;39;31
98;56;39
6;42;100
72;84;53
41;61;49
100;31;71
1;15;93
11;38;26
89;36;61
50;12;14
64;12;16
87;64;18
61;91;52
89;23;100
96;37;23
7;2;30
63;84;26
31;52;92
60;3;24
79;42;94
96;15;35
44;29;69
58;77;86
59;18;2
79;77;72
78;39;93
100;53;53
95;96;70
33;32;57
98;13;77
42;5;65
82;86;56
24;14;91
86;3;59
61;64;60
49;70;41
72;46;79
9;55;14
26;64;5
59;79;1
97;66;90
3;44;65
86;74;82
45;16;57
2;5;91
74;77;87
5;28;13
17;63;70
21;52;93
6;34;24
61;1;83
65;52;94
43;51;84
53;71;100
22;67;22
45;7;62
89;30;75
15;58;46
69;45;55
40;59;29
56;35;85
30;100;32
22;62;31
56;40;12
39;78;19
47;83;42
47;55;3
36;68;52
60;27;71
6;86;56
82;5;49
46;3;15
37;19;46
20;37;9
78;95;97
85;57;38
53;94;95
42;32;53
2;57;13
99;72;34
79;92;35
71;23;92
74;67;47
46;12;66
93;42;50
26;36;30
6;9;14
15;15;38
77;87;36
11;97;73
35;97;97
68;45;51
7;13;96
53;24;82
54;61;39
75;23;77
72;59;94
72;60;94
47;35;45
58;84;36
47;97;10
23;59;47
49;1;60
1;64;64
86;58;41
27;67;16
82;87;88
25;97;30
37;30;91
83;89;72
43;78;61
27;66;54
7;51;80
6;34;76
45;55;62
72;89;81
17;86;93
37;23;55
87;20;31
10;94;36
59;89;87
100;74;38
69;57;59
37;34;80
79;28;25
50;71;79
65;43;76
79;57;65
84;60;23
17;65;87
27;82;52
26;2;30
78;81;7
90;82;92
68;5;39
21;40;48
95;62;68
54;35;17
57;31;83
4;10;84
80;2;16
43;49;95
19;11;20
21;18;33
75;28;49
94;97;50
3;88;81
8;79;12
23;29;10
30;100;55
39;82;27
3;73;4
7;57;22
48;89;46
95;96;33
9;24;76
64;100;87
1;5;97
56;1;36
20;58;42
19;48;92
75;57;88
60;48;93
70;47;35
54;19;59
89;32;62
95;51;38
10;7;88
25;82;9
15;87;2
42;59;48
91;47;46
87;73;34
79;74;48
40;95;78
79;18;63
17;52;11
56;62;62
80;59;54
39;86;1
81;84;98
93;2;33
49;54;81
27;89;50
69;51;16
39;83;65
18;49;9
83;51;51
65;98;64
34;35;55
100;67;90
10;16;2
19;6;98
71;70;38
30;27;60
55;72;30
53;17;14
55;31;95
61;96;90
9;73;72
85;16;13
87;17;18
44;88;54
75;1;82
56;20;91
67;71;53
36;41;62
34;74;91
87;87;44
61;62;62
54;83;55
69;10;100
49;22;14
67;42;64
84;61;10
79;87;93
35;4;82
76;86;69
18;5;36
13;61;60
84;12;71
42;39;73
2;64;93
20;43;59
86;97;35
3;18;15
62;49;75
84;14;19
38;48;74
13;99;70
35;34;33
9;47;16
46;84;6
80;98;92
71;90;63
58;55;65
94;74;41
93;67;68
44;71;17
27;19;59
20;46;78
19;98;100
58;67;98
29;44;11
78;45;31
34;47;35
35;26;27
17;14;50
60;24;45
7;64;22
73;47;41
76;34;63
30;18;29
82;84;87
67;30;56
56;56;69
33;56;87
73;75;25
42;25;14
86;53;17
53;74;56
31;39;63
47;99;6
60;12;34
85;18;95
66;42;85
45;11;24
41;48;87
84;56;3
11;37;78
13;64;85
12;87;34
28;83;3
1;42;62
3;83;44
83;35;68
42;7;84
7;85;18
95;44;69
12;74;62
27;76;39
85;83;80
31;3;94
23;48;51
97;40;100
60;63;91
14;60;71
22;90;40
4;44;40
21;85;46
39;38;35
76;83;1
9;46;4
9;22;60
14;98;62
41;75;23
84;41;24
90;13;10
38;93;83
27;75;23
57;85;7
96;38;93
5;15;67
48;27;74
99;38;8
20;47;85
23;5;60
6;19;14
21;89;88
37;76;82
95;86;26
50;88;1
27;31;35
33;1;34
47;51;91
50;40;60
10;41;76
60;60;92
5;23;56
89;32;86
33;71;44
49;52;75
30;70;78
71;32;71
6;71;78
77;68;90
32;48;26
58;45;56
35;42;25
16;92;27
88;58;61
20;83;83
28;46;66
70;36;53
78;27;29
13;45;38
12;23;28
87;4;44
47;70;57
82;68;67
88;27;97
95;46;57
36;75;86
45;41;23
81;6;95
90;83;22
96;24;94
57;97;68
54;33;20
62;4;15
7;97;53
64;81;82
90;67;18
80;94;100
11;39;56
23;3;4
36;46;100
58;38;53
90;53;33
4;11;96
11;66;11
78;91;74
97;95;12
24;64;30
36;3;63
98;17;82
2;91;95
5;46;35
6;29;31
84;29;68
83;55;74
54;63;34
86;27;95
53;47;91
45;57;8
45;45;92
43;81;71
2;24;35
50;45;12
1;35;51
58;95;4
33;20;98
78;34;91
26;69;68
100;82;55
20;75;29
99;51;37
45;80;56
56;60;99
11;53;81
3;62;25
88;47;88
24;84;67
95;61;65
7;90;83
87;45;18
46;96;9
96;40;26
38;30;6
86;81;57
82;60;76
59;37;3
94;54;53
95;88;42
5;89;43
74;58;10
38;17;66
59;70;65
37;13;40
41;60;6
33;49;87
68;33;87
35;46;100
8;34;41
12;98;9
95;13;20
72;84;17
84;21;77
82;62;91
10;89;75
73;30;21
55;8;58
68;58;78
2;41;54
70;97;8
22;30;40
48;19;58
33;15;27
85;90;34
9;8;100
39;82;5
60;35;30
8;43;88
15;97;77
65;91;17
29;41;82
91;28;4
100;50;30
99;19;50
93;80;61
20;52;21
46;93;90
66;40;43
7;58;62
21;11;29
73;33;31
62;62;25
39;44;25
56;3;45
3;35;56
44;70;53
9;39;75
100;91;99
90;7;8
1;3;14
89;80;46
34;85;89
5;88;79
69;70;93
66;64;71
100;13;86
24;42;62
21;38;44
31;67;29
41;43;36
92;60;59
78;43;42
73;18;59
78;69;25
51;83;47
58;69;59
48;5;57
70;41;7
33;97;30
69;41;70
92;17;50
9;96;18
31;88;84
27;23;61
24;46;58
20;8;43
85;68;98
48;17;35
23;24;76
50;99;84
93;55;71
16;50;20
4;3;30
49;67;30
68;19;13
65;67;41
12;44;38
47;44;46
11;69;91
81;25;63
18;83;54
66;74;44
74;63;39
13;42;55
8;40;99
63;100;60
13;42;39
95;81;56
70;7;78
28;92;37
68;47;3
78;38;84
89;38;81
90;85;6
77;31;73
5;94;29
91;70;62
37;15;79
90;34;36
24;82;62
71;87;87
59;83;100
92;43;64
51;2;11
75;80;50
23;40;26
88;37;71
30;19;91
84;49;62
23;55;47
40;64;68
49;33;12
48;67;43
93;89;74
54;66;5
62;56;21
27;32;53
100;12;11
54;77;14
50;41;18
23;37;23
95;91;1
17;79;87
17;84;86
84;37;84
26;71;27
45;20;71
96;48;6
26;52;36
68;89;6
25;61;99
94;56;26
75;20;15
30;49;88
23;36;56
57;7;31
97;20;45
59;98;29
10;48;61
67;56;38
42;32;10
46;34;16
81;5;77
66;55;84
75;76;84
14;12;19
5;92;81
16;77;69
24;85;52
72;23;84
33;75;33
90;99;18
37;43;51
30;32;91
83;97;3
32;53;76
23;59;49
18;39;16
7;14;69
18;34;48
15;79;72
67;100;70
86;56;65
18;79;81
44;8;97
77;54;73
32;11;34
98;50;19
27;18;93
78;59;80
8;91;74
41;73;1
68;90;40
11;30;27
1;73;87
6;24;55
38;52;93
13;43;88
55;87;82
74;72;33
18;48;80
50;33;16
33;81;32
65;97;31
22;37;52
50;59;28
39;8;12
82;51;28
55;51;89
100;21;26
28;22;26
34;22;45
17;79;23
91;79;36
69;72;74
39;6;16
33;76;42
7;2;76
45;27;31
28;85;8
7;69;38
44;67;36
16;82;31
8;32;16
32;67;1
70;84;28
56;23;25
53;62;22
100;73;29
40;95;50
18;21;72
77;84;96
14;86;25
67;100;1
7;91;78
17;4;65
54;43;52
44;63;76
65;14;74
75;3;90
80;9;81
85;29;99
86;26;90
37;45;34
10;24;97
44;100;40
91;15;79
9;22;41
40;84;94
26;8;55
32;73;59
68;79;18
13;14;61
25;14;5
16;43;73
38;91;31
87;59;74
4;2;96
84;88;75
80;72;60
37;58;1
2;64;14
91;91;21
73;72;7
23;32;88
76;81;8
80;47;8
87;81;35
18;12;13
82;31;42
11;80;72
22;30;83
3;14;80
24;55;19
65;6;11
88;73;83
100;94;46
71;46;55
51;28;13
13;22;84
61;100;2
43;78;33
15;77;93
62;71;73
42;53;52
4;39;67
46;31;82
4;44;81
47;91;17
100;33;5
49;74;98
10;16;30
75;36;95
17;56;11
70;50;71
41;1;64
27;94;99
96;18;85
38;93;84
69;14;90
51;45;6
23;78;43
4;8;51
8;3;32
18;98;79
32;5;37
30;44;24
41;61;59
62;93;25
87;84;40
16;23;64
66;45;65
95;13;99
94;97;89
83;77;87
5;13;66
61;27;37
80;35;10
18;41;29
44;8;46
56;19;90
59;64;51
81;40;83
47;6;16
57;67;77
77;3;85
53;20;10
92;64;27
82;4;40
13;89;23
42;5;69
3;1;86
63;73;82
44;10;94
39;100;80
97;60;48
71;54;33
78;47;58
24;78;26
81;46;79
82;50;25
49;98;46
83;13;56
3;28;91
92;42;100
5;48;44
42;55;32
26;53;74
80;57;58
4;94;87
91;80;1
90;57;53
58;42;95
52;27;65
50;24;10
64;38;69
80;14;90
19;60;85
8;50;25
53;57;24
4;46;44
6;58;67
3;89;45
34;7;86
75;59;24
43;33;36
30;32;24
44;8;27
96;72;38
47;39;90
88;86;14
40;78;15
54;83;23
92;11;6
6;28;81
21;50;65
30;2;70
3;60;67
82;70;40
97;68;73
11;35;86
54;75;10
82;62;40
56;29;16
28;25;32
33;13;69
11;97;99
81;19;78
5;64;55
83;54;25
85;99;48
47;80;64
12;69;68
41;64;60
5;42;79
7;95;21
42;96;2
26;95;41
89;61;77
42;52;34
92;9;56
50;74;19
35;97;96
72;27;6
29;63;51
6;96;85
12;3;22
37;48;2
26;99;17
50;90;56
42;29;45
12;89;10
82;48;14
26;81;32
27;82;94
28;47;88
95;45;51
26;33;45
91;7;41
84;10;49
97;85;81
41;50;62
92;29;87
2;20;9
79;78;67
33;2;59
59;46;89
37;41;52
22;42;70
78;18;7
38;91;9
92;84;62
81;18;60
28;86;72
31;76;66
97;69;75
16;35;60
94;40;20
51;81;69
62;17;84
35;1;6
14;25;72
15;55;80
78;40;98
7;37;72
49;29;6
27;40;15
59;18;84
61;43;93
53;27;79
64;41;82
92;99;24
54;71;85
29;49;32
72;64;33
38;16;72
69;73;1
6;86;58
36;73;84
9;70;31
93;34;60
14;55;22
3;92;13
39;15;82
39;56;28
96;78;78
58;23;41
77;53;30
91;70;91
93;72;60
48;8;95
77;62;61
93;13;83
71;90;1
81;7;91
63;48;8
86;82;11
44;59;19
29;35;27
18;37;16
13;60;72
89;41;38
28;15;56
6;31;19
6;34;71
89;51;9
39;31;16
13;79;94
97;78;86
8;21;4
74;51;75
26;58;11
24;88;8
22;48;24
49;8;94
53;25;42
33;98;17
39;2;23
48;17;46
12;11;100
17;42;83
34;43;100
40;87;34
96;25;77
44;61;39
36;88;76
4;29;99
56;22;48
3;29;94
54;94;33
64;22;75
70;17;43
65;6;89
82;37;35
42;9;16
99;52;66
16;74;45
47;22;73
66;22;59
62;90;34
31;100;14
74;28;10
99;28;39
54;87;68
16;98;36
92;44;48
67;42;7
38;48;10
19;56;99
89;1;37
15;30;71
33;83;22
41;38;18
76;77;99
87;91;84
4;95;89
91;65;60
68;7;64
41;16;14
6;74;85
42;19;20
84;55;11
36;64;88
40;28;75
67;41;87
2;99;10
16;60;93
68;57;80
65;19;22
87;62;92
95;58;54
14;31;77
13;50;81
99;6;66
21;61;81
10;85;25
52;65;1
12;97;71
45;91;99
93;44;99
10;29;43
